iter	MultiClass	Accuracy:use_weights=true	Accuracy:use_weights=false	MultiClass:use_weights=true	MultiClass:use_weights=false
0	1.406247393	0.9772893743	0.9772893743	1.406247393	1.406247393
1	1.132620415	0.9772029595	0.9772029595	1.132620415	1.132620415
2	0.9483229576	0.9774169389	0.9774169389	0.9483229576	0.9483229576
3	0.8111277127	0.9774333989	0.9774333989	0.8111277127	0.8111277127
4	0.7038768908	0.9776885282	0.9776885282	0.7038768908	0.7038768908
5	0.6176943698	0.9776885282	0.9776885282	0.6176943698	0.6176943698
6	0.546728498	0.977774943	0.977774943	0.546728498	0.546728498
7	0.4869274642	0.9776885282	0.9776885282	0.4869274642	0.4869274642
8	0.4364163989	0.9776844132	0.9776844132	0.4364163989	0.4364163989
9	0.3930018729	0.9776802983	0.9776802983	0.3930018729	0.3930018729
10	0.3553969331	0.9776844132	0.9776844132	0.3553969331	0.3553969331
11	0.322979249	0.9776802983	0.9776802983	0.322979249	0.322979249
12	0.294629309	0.9776802983	0.9776802983	0.294629309	0.294629309
13	0.2696160039	0.9776802983	0.9776802983	0.2696160039	0.2696160039
14	0.2477284469	0.9776802983	0.9776802983	0.2477284469	0.2477284469
15	0.2280977683	0.9776802983	0.9776802983	0.2280977683	0.2280977683
16	0.2109874691	0.9776802983	0.9776802983	0.2109874691	0.2109874691
17	0.19568208	0.9776802983	0.9776802983	0.19568208	0.19568208
18	0.1820775757	0.977766713	0.977766713	0.1820775757	0.1820775757
19	0.1697943746	0.977766713	0.977766713	0.1697943746	0.1697943746
20	0.1587821608	0.977774943	0.977774943	0.1587821608	0.1587821608
21	0.1490296502	0.977774943	0.977774943	0.1490296502	0.1490296502
22	0.1403803721	0.977774943	0.977774943	0.1403803721	0.1403803721
23	0.1325170431	0.977774943	0.977774943	0.1325170431	0.1325170431
24	0.1255551283	0.977787288	0.977787288	0.1255551283	0.1255551283
25	0.1193925005	0.977787288	0.977787288	0.1193925005	0.1193925005
26	0.1135372442	0.977787288	0.977787288	0.1135372442	0.1135372442
27	0.1085367762	0.977787288	0.977787288	0.1085367762	0.1085367762
28	0.1038807515	0.977791403	0.977791403	0.1038807515	0.1038807515
29	0.09982388385	0.977791403	0.977791403	0.09982388385	0.09982388385
30	0.09605435991	0.977791403	0.977791403	0.09605435991	0.09605435991
31	0.09264696785	0.977791403	0.977791403	0.09264696785	0.09264696785
32	0.08973681652	0.977791403	0.977791403	0.08973681652	0.08973681652
33	0.08719219415	0.977791403	0.977791403	0.08719219415	0.08719219415
34	0.08462529975	0.977791403	0.977791403	0.08462529975	0.08462529975
35	0.08259279159	0.977791403	0.977791403	0.08259279159	0.08259279159
36	0.0805544678	0.977791403	0.977791403	0.0805544678	0.0805544678
37	0.0787402633	0.977791403	0.977791403	0.0787402633	0.0787402633
38	0.0771162606	0.977791403	0.977791403	0.0771162606	0.0771162606
39	0.07561007169	0.977791403	0.977791403	0.07561007169	0.07561007169
40	0.07438174756	0.977791403	0.977791403	0.07438174756	0.07438174756
41	0.07310363685	0.977791403	0.977791403	0.07310363685	0.07310363685
42	0.07198049215	0.977791403	0.977791403	0.07198049215	0.07198049215
43	0.07094263603	0.977791403	0.977791403	0.07094263603	0.07094263603
44	0.07009871702	0.977791403	0.977791403	0.07009871702	0.07009871702
45	0.06931024735	0.977791403	0.977791403	0.06931024735	0.06931024735
46	0.06854255942	0.977791403	0.977791403	0.06854255942	0.06854255942
47	0.06784876606	0.977791403	0.977791403	0.06784876606	0.06784876606
48	0.06729881114	0.977791403	0.977791403	0.06729881114	0.06729881114
49	0.06674038541	0.977791403	0.977791403	0.06674038541	0.06674038541
50	0.06617797173	0.977791403	0.977791403	0.06617797173	0.06617797173
51	0.06571323949	0.977791403	0.977791403	0.06571323949	0.06571323949
52	0.06526160047	0.9777996329	0.9777996329	0.06526160047	0.06526160047
53	0.06486998494	0.9777996329	0.9777996329	0.06486998494	0.06486998494
54	0.06453700742	0.9777996329	0.9777996329	0.06453700742	0.06453700742
55	0.06425812568	0.9777996329	0.9777996329	0.06425812568	0.06425812568
56	0.06399741508	0.9777996329	0.9777996329	0.06399741508	0.06399741508
57	0.06373829331	0.9778037479	0.9778037479	0.06373829331	0.06373829331
58	0.06350229035	0.9778037479	0.9778037479	0.06350229035	0.06350229035
59	0.06322505615	0.9778037479	0.9778037479	0.06322505615	0.06322505615
60	0.06304955457	0.9778037479	0.9778037479	0.06304955457	0.06304955457
61	0.06286992106	0.9778078629	0.9778078629	0.06286992106	0.06286992106
62	0.06270276494	0.9778078629	0.9778078629	0.06270276494	0.06270276494
63	0.06253926088	0.9778078629	0.9778078629	0.06253926088	0.06253926088
64	0.0623258612	0.9778078629	0.9778078629	0.0623258612	0.0623258612
65	0.06218585266	0.9778078629	0.9778078629	0.06218585266	0.06218585266
66	0.06198847408	0.9778119779	0.9778119779	0.06198847408	0.06198847408
67	0.06189518638	0.9778119779	0.9778119779	0.06189518638	0.06189518638
68	0.06171381253	0.9778119779	0.9778119779	0.06171381253	0.06171381253
69	0.0616062033	0.9778119779	0.9778119779	0.0616062033	0.0616062033
70	0.06152466647	0.9778119779	0.9778119779	0.06152466647	0.06152466647
71	0.06141168335	0.9778119779	0.9778119779	0.06141168335	0.06141168335
72	0.0613816993	0.9778119779	0.9778119779	0.0613816993	0.0613816993
73	0.0613130624	0.9778078629	0.9778078629	0.0613130624	0.0613130624
74	0.06122345157	0.9778078629	0.9778078629	0.06122345157	0.06122345157
75	0.06117771609	0.9778078629	0.9778078629	0.06117771609	0.06117771609
76	0.0611111333	0.9778078629	0.9778078629	0.0611111333	0.0611111333
77	0.06099243491	0.9778078629	0.9778078629	0.06099243491	0.06099243491
78	0.06092109692	0.9778078629	0.9778078629	0.06092109692	0.06092109692
79	0.0607910167	0.9778078629	0.9778078629	0.0607910167	0.0607910167
80	0.06072833823	0.9778078629	0.9778078629	0.06072833823	0.06072833823
81	0.06064278211	0.9778078629	0.9778078629	0.06064278211	0.06064278211
82	0.06059792899	0.9778078629	0.9778078629	0.06059792899	0.06059792899
83	0.06054447831	0.9778078629	0.9778078629	0.06054447831	0.06054447831
84	0.06047578813	0.9778078629	0.9778078629	0.06047578813	0.06047578813
85	0.06044035721	0.9778119779	0.9778119779	0.06044035721	0.06044035721
86	0.06040633334	0.9778119779	0.9778119779	0.06040633334	0.06040633334
87	0.06037737586	0.9778119779	0.9778119779	0.06037737586	0.06037737586
88	0.06034744175	0.9778119779	0.9778119779	0.06034744175	0.06034744175
89	0.06032702069	0.9778160929	0.9778160929	0.06032702069	0.06032702069
90	0.06029148377	0.9778160929	0.9778160929	0.06029148377	0.06029148377
91	0.0602636768	0.9778160929	0.9778160929	0.0602636768	0.0602636768
92	0.06022605675	0.9778119779	0.9778119779	0.06022605675	0.06022605675
93	0.06020601986	0.9778119779	0.9778119779	0.06020601986	0.06020601986
94	0.06017112243	0.9778119779	0.9778119779	0.06017112243	0.06017112243
95	0.06014158093	0.9778119779	0.9778119779	0.06014158093	0.06014158093
96	0.06012132303	0.9778160929	0.9778160929	0.06012132303	0.06012132303
97	0.06011096281	0.9778202079	0.9778202079	0.06011096281	0.06011096281
98	0.06008243323	0.9778160929	0.9778160929	0.06008243323	0.06008243323
99	0.06006831227	0.9778160929	0.9778160929	0.06006831227	0.06006831227
100	0.06004762954	0.9778243229	0.9778243229	0.06004762954	0.06004762954
101	0.06000093557	0.9778202079	0.9778202079	0.06000093557	0.06000093557
102	0.05997817819	0.9778243229	0.9778243229	0.05997817819	0.05997817819
103	0.05995409953	0.9778243229	0.9778243229	0.05995409953	0.05995409953
104	0.05992047499	0.9778243229	0.9778243229	0.05992047499	0.05992047499
105	0.05991111798	0.9778243229	0.9778243229	0.05991111798	0.05991111798
106	0.05989422426	0.9778243229	0.9778243229	0.05989422426	0.05989422426
107	0.0598850652	0.9778243229	0.9778243229	0.0598850652	0.0598850652
108	0.05984648892	0.9778243229	0.9778243229	0.05984648892	0.05984648892
109	0.05983698284	0.9778448978	0.9778448978	0.05983698284	0.05983698284
110	0.05983137139	0.9778448978	0.9778448978	0.05983137139	0.05983137139
111	0.05982086985	0.9778448978	0.9778448978	0.05982086985	0.05982086985
112	0.05981376722	0.9778448978	0.9778448978	0.05981376722	0.05981376722
113	0.05980970449	0.9778448978	0.9778448978	0.05980970449	0.05980970449
114	0.05980392254	0.9778448978	0.9778448978	0.05980392254	0.05980392254
115	0.05978912875	0.9778448978	0.9778448978	0.05978912875	0.05978912875
116	0.05978395217	0.9778407828	0.9778407828	0.05978395217	0.05978395217
117	0.05977600066	0.9778407828	0.9778407828	0.05977600066	0.05977600066
118	0.05976908549	0.9778407828	0.9778407828	0.05976908549	0.05976908549
119	0.05975746939	0.9778407828	0.9778407828	0.05975746939	0.05975746939
120	0.05975087369	0.9778448978	0.9778448978	0.05975087369	0.05975087369
121	0.05974562976	0.9778448978	0.9778448978	0.05974562976	0.05974562976
122	0.05973967081	0.9778448978	0.9778448978	0.05973967081	0.05973967081
123	0.05973767441	0.9778448978	0.9778448978	0.05973767441	0.05973767441
124	0.05972752917	0.9778448978	0.9778448978	0.05972752917	0.05972752917
125	0.05972312043	0.9778448978	0.9778448978	0.05972312043	0.05972312043
126	0.05971611855	0.9778613578	0.9778613578	0.05971611855	0.05971611855
127	0.05971169936	0.9778613578	0.9778613578	0.05971169936	0.05971169936
128	0.05968959141	0.9778613578	0.9778613578	0.05968959141	0.05968959141
129	0.05967830575	0.9778613578	0.9778613578	0.05967830575	0.05967830575
130	0.05967063739	0.9778613578	0.9778613578	0.05967063739	0.05967063739
131	0.05966630968	0.9778613578	0.9778613578	0.05966630968	0.05966630968
132	0.05966090136	0.9778613578	0.9778613578	0.05966090136	0.05966090136
133	0.0596458139	0.9778613578	0.9778613578	0.0596458139	0.0596458139
134	0.0596430212	0.9778613578	0.9778613578	0.0596430212	0.0596430212
135	0.05963729804	0.9778613578	0.9778613578	0.05963729804	0.05963729804
136	0.05962023802	0.9778613578	0.9778613578	0.05962023802	0.05962023802
137	0.05960758307	0.9778613578	0.9778613578	0.05960758307	0.05960758307
138	0.05959933762	0.9778572428	0.9778572428	0.05959933762	0.05959933762
139	0.05959629878	0.9778572428	0.9778572428	0.05959629878	0.05959629878
140	0.05959243513	0.9778572428	0.9778572428	0.05959243513	0.05959243513
141	0.05959026018	0.9778531278	0.9778531278	0.05959026018	0.05959026018
142	0.05958292106	0.9778531278	0.9778531278	0.05958292106	0.05958292106
143	0.05957397988	0.9778531278	0.9778531278	0.05957397988	0.05957397988
144	0.05957132279	0.9778572428	0.9778572428	0.05957132279	0.05957132279
145	0.05956310484	0.9778572428	0.9778572428	0.05956310484	0.05956310484
146	0.05954950227	0.9778572428	0.9778572428	0.05954950227	0.05954950227
147	0.05954678271	0.9778572428	0.9778572428	0.05954678271	0.05954678271
148	0.0595398936	0.9778531278	0.9778531278	0.0595398936	0.0595398936
149	0.05953550476	0.9778572428	0.9778572428	0.05953550476	0.05953550476
150	0.05952849043	0.9778572428	0.9778572428	0.05952849043	0.05952849043
151	0.05952653563	0.9778572428	0.9778572428	0.05952653563	0.05952653563
152	0.05952360024	0.9778572428	0.9778572428	0.05952360024	0.05952360024
153	0.05952058825	0.9778572428	0.9778572428	0.05952058825	0.05952058825
154	0.05951228416	0.9778572428	0.9778572428	0.05951228416	0.05951228416
155	0.05951021318	0.9778572428	0.9778572428	0.05951021318	0.05951021318
156	0.05950378482	0.9778572428	0.9778572428	0.05950378482	0.05950378482
157	0.05949953974	0.9778531278	0.9778531278	0.05949953974	0.05949953974
158	0.05949636116	0.9778572428	0.9778572428	0.05949636116	0.05949636116
159	0.05949121989	0.9778572428	0.9778572428	0.05949121989	0.05949121989
160	0.05948463184	0.9778572428	0.9778572428	0.05948463184	0.05948463184
161	0.05947844573	0.9778572428	0.9778572428	0.05947844573	0.05947844573
162	0.05947159388	0.9778572428	0.9778572428	0.05947159388	0.05947159388
163	0.05947026399	0.9778572428	0.9778572428	0.05947026399	0.05947026399
164	0.05946472914	0.9778572428	0.9778572428	0.05946472914	0.05946472914
165	0.05946271326	0.9778572428	0.9778572428	0.05946271326	0.05946271326
166	0.05946133029	0.9778572428	0.9778572428	0.05946133029	0.05946133029
167	0.05945906447	0.9778572428	0.9778572428	0.05945906447	0.05945906447
168	0.05945512079	0.9778572428	0.9778572428	0.05945512079	0.05945512079
169	0.05945085742	0.9778572428	0.9778572428	0.05945085742	0.05945085742
170	0.05944741095	0.9778572428	0.9778572428	0.05944741095	0.05944741095
171	0.05944557436	0.9778572428	0.9778572428	0.05944557436	0.05944557436
172	0.05944263668	0.9778572428	0.9778572428	0.05944263668	0.05944263668
173	0.05944097333	0.9778572428	0.9778572428	0.05944097333	0.05944097333
174	0.05943767055	0.9778572428	0.9778572428	0.05943767055	0.05943767055
175	0.0594334416	0.9778572428	0.9778572428	0.0594334416	0.0594334416
176	0.05943141789	0.9778572428	0.9778572428	0.05943141789	0.05943141789
177	0.05942037298	0.9778613578	0.9778613578	0.05942037298	0.05942037298
178	0.05941323154	0.9778613578	0.9778613578	0.05941323154	0.05941323154
179	0.0594104014	0.9778613578	0.9778613578	0.0594104014	0.0594104014
180	0.05940924078	0.9778613578	0.9778613578	0.05940924078	0.05940924078
181	0.05940525184	0.9778695878	0.9778695878	0.05940525184	0.05940525184
182	0.05940421864	0.9778695878	0.9778695878	0.05940421864	0.05940421864
183	0.05939938189	0.9778695878	0.9778695878	0.05939938189	0.05939938189
184	0.05939736833	0.9778695878	0.9778695878	0.05939736833	0.05939736833
185	0.05938470036	0.9778695878	0.9778695878	0.05938470036	0.05938470036
186	0.05938388812	0.9778695878	0.9778695878	0.05938388812	0.05938388812
187	0.05937926965	0.9778695878	0.9778695878	0.05937926965	0.05937926965
188	0.05937734247	0.9778695878	0.9778695878	0.05937734247	0.05937734247
189	0.05937471418	0.9778695878	0.9778695878	0.05937471418	0.05937471418
190	0.05937381464	0.9778695878	0.9778695878	0.05937381464	0.05937381464
191	0.05936726813	0.9778695878	0.9778695878	0.05936726813	0.05936726813
192	0.0593641697	0.9778695878	0.9778695878	0.0593641697	0.0593641697
193	0.05936301399	0.9778695878	0.9778695878	0.05936301399	0.05936301399
194	0.05936141568	0.9778695878	0.9778695878	0.05936141568	0.05936141568
195	0.05935896888	0.9778695878	0.9778695878	0.05935896888	0.05935896888
196	0.05935830021	0.9778695878	0.9778695878	0.05935830021	0.05935830021
197	0.05935442354	0.9778695878	0.9778695878	0.05935442354	0.05935442354
198	0.05935043966	0.9778695878	0.9778695878	0.05935043966	0.05935043966
199	0.05934934264	0.9778778177	0.9778778177	0.05934934264	0.05934934264
200	0.05933817323	0.9778778177	0.9778778177	0.05933817323	0.05933817323
201	0.05933067697	0.9778778177	0.9778778177	0.05933067697	0.05933067697
202	0.05932913299	0.9778942777	0.9778942777	0.05932913299	0.05932913299
203	0.05932557564	0.9778942777	0.9778942777	0.05932557564	0.05932557564
204	0.05932344089	0.9778942777	0.9778942777	0.05932344089	0.05932344089
205	0.05932200191	0.9778942777	0.9778942777	0.05932200191	0.05932200191
206	0.05931996296	0.9778942777	0.9778942777	0.05931996296	0.05931996296
207	0.05931304324	0.9778942777	0.9778942777	0.05931304324	0.05931304324
208	0.05931171309	0.9778942777	0.9778942777	0.05931171309	0.05931171309
209	0.05931043825	0.9778942777	0.9778942777	0.05931043825	0.05931043825
210	0.05931002908	0.9778942777	0.9778942777	0.05931002908	0.05931002908
211	0.0593088447	0.9778942777	0.9778942777	0.0593088447	0.0593088447
212	0.05930674545	0.9778942777	0.9778942777	0.05930674545	0.05930674545
213	0.05930596097	0.9778942777	0.9778942777	0.05930596097	0.05930596097
214	0.05930449112	0.9778942777	0.9778942777	0.05930449112	0.05930449112
215	0.05929583937	0.9778942777	0.9778942777	0.05929583937	0.05929583937
216	0.05928982969	0.9778942777	0.9778942777	0.05928982969	0.05928982969
217	0.05928838652	0.9778942777	0.9778942777	0.05928838652	0.05928838652
218	0.05928707683	0.9778942777	0.9778942777	0.05928707683	0.05928707683
219	0.05928011386	0.9778942777	0.9778942777	0.05928011386	0.05928011386
220	0.0592743551	0.9778942777	0.9778942777	0.0592743551	0.0592743551
221	0.05927338928	0.9778942777	0.9778942777	0.05927338928	0.05927338928
222	0.0592722307	0.9778942777	0.9778942777	0.0592722307	0.0592722307
223	0.05927006834	0.9778942777	0.9778942777	0.05927006834	0.05927006834
224	0.05926900748	0.9778942777	0.9778942777	0.05926900748	0.05926900748
225	0.05926083605	0.9778942777	0.9778942777	0.05926083605	0.05926083605
226	0.05925408913	0.9778942777	0.9778942777	0.05925408913	0.05925408913
227	0.05925294775	0.9779107377	0.9779107377	0.05925294775	0.05925294775
228	0.0592505283	0.9779107377	0.9779107377	0.0592505283	0.0592505283
229	0.05924915531	0.9779107377	0.9779107377	0.05924915531	0.05924915531
230	0.05924787882	0.9779107377	0.9779107377	0.05924787882	0.05924787882
231	0.05924716095	0.9779107377	0.9779107377	0.05924716095	0.05924716095
232	0.05924340853	0.9779148526	0.9779148526	0.05924340853	0.05924340853
233	0.05924119162	0.9779148526	0.9779148526	0.05924119162	0.05924119162
234	0.0592401553	0.9779148526	0.9779148526	0.0592401553	0.0592401553
235	0.05923879853	0.9779148526	0.9779148526	0.05923879853	0.05923879853
236	0.05923834348	0.9779148526	0.9779148526	0.05923834348	0.05923834348
237	0.05923724947	0.9779148526	0.9779148526	0.05923724947	0.05923724947
238	0.05923662522	0.9779189676	0.9779189676	0.05923662522	0.05923662522
239	0.05923572434	0.9779189676	0.9779189676	0.05923572434	0.05923572434
240	0.05923512662	0.9779189676	0.9779189676	0.05923512662	0.05923512662
241	0.05923326954	0.9779230826	0.9779230826	0.05923326954	0.05923326954
242	0.05923223242	0.9779230826	0.9779230826	0.05923223242	0.05923223242
243	0.05923189908	0.9779271976	0.9779271976	0.05923189908	0.05923189908
244	0.05923059106	0.9779313126	0.9779313126	0.05923059106	0.05923059106
245	0.05922991556	0.9779313126	0.9779313126	0.05922991556	0.05922991556
246	0.05922936415	0.9779313126	0.9779313126	0.05922936415	0.05922936415
247	0.05922803299	0.9779313126	0.9779313126	0.05922803299	0.05922803299
248	0.05922707312	0.9779313126	0.9779313126	0.05922707312	0.05922707312
249	0.05922633682	0.9779313126	0.9779313126	0.05922633682	0.05922633682
250	0.05922502949	0.9779313126	0.9779313126	0.05922502949	0.05922502949
251	0.05921989609	0.9779313126	0.9779313126	0.05921989609	0.05921989609
252	0.05921870581	0.9779313126	0.9779313126	0.05921870581	0.05921870581
253	0.05921812676	0.9779313126	0.9779313126	0.05921812676	0.05921812676
254	0.05921771144	0.9779313126	0.9779313126	0.05921771144	0.05921771144
255	0.0592161596	0.9779313126	0.9779313126	0.0592161596	0.0592161596
256	0.05921357847	0.9779313126	0.9779313126	0.05921357847	0.05921357847
257	0.05921279583	0.9779313126	0.9779313126	0.05921279583	0.05921279583
258	0.05921113693	0.9779313126	0.9779313126	0.05921113693	0.05921113693
259	0.05921083309	0.9779313126	0.9779313126	0.05921083309	0.05921083309
260	0.05921009154	0.9779313126	0.9779313126	0.05921009154	0.05921009154
261	0.05920959107	0.9779313126	0.9779313126	0.05920959107	0.05920959107
262	0.05920847096	0.9779313126	0.9779313126	0.05920847096	0.05920847096
263	0.05920555239	0.9779271976	0.9779271976	0.05920555239	0.05920555239
264	0.0592046629	0.9779271976	0.9779271976	0.0592046629	0.0592046629
265	0.05920409676	0.9779271976	0.9779271976	0.05920409676	0.05920409676
266	0.05920312936	0.9779271976	0.9779271976	0.05920312936	0.05920312936
267	0.05920258025	0.9779313126	0.9779313126	0.05920258025	0.05920258025
268	0.05920220269	0.9779313126	0.9779313126	0.05920220269	0.05920220269
269	0.05920185536	0.9779313126	0.9779313126	0.05920185536	0.05920185536
270	0.0592014575	0.9779313126	0.9779313126	0.0592014575	0.0592014575
271	0.05920084843	0.9779313126	0.9779313126	0.05920084843	0.05920084843
272	0.05920009155	0.9779313126	0.9779313126	0.05920009155	0.05920009155
273	0.05919940701	0.9779313126	0.9779313126	0.05919940701	0.05919940701
274	0.05919544855	0.9779313126	0.9779313126	0.05919544855	0.05919544855
275	0.05919493601	0.9779313126	0.9779313126	0.05919493601	0.05919493601
276	0.05919329994	0.9779313126	0.9779313126	0.05919329994	0.05919329994
277	0.05919166637	0.9779313126	0.9779313126	0.05919166637	0.05919166637
278	0.05919076705	0.9779313126	0.9779313126	0.05919076705	0.05919076705
279	0.05918509473	0.9779313126	0.9779313126	0.05918509473	0.05918509473
280	0.05918427316	0.9779313126	0.9779313126	0.05918427316	0.05918427316
281	0.05918318832	0.9779313126	0.9779313126	0.05918318832	0.05918318832
282	0.05918237984	0.9779313126	0.9779313126	0.05918237984	0.05918237984
283	0.05918156642	0.9779313126	0.9779313126	0.05918156642	0.05918156642
284	0.0591811033	0.9779313126	0.9779313126	0.0591811033	0.0591811033
285	0.05917675091	0.9779313126	0.9779313126	0.05917675091	0.05917675091
286	0.05917594586	0.9779313126	0.9779313126	0.05917594586	0.05917594586
287	0.05917547438	0.9779313126	0.9779313126	0.05917547438	0.05917547438
288	0.05917455732	0.9779313126	0.9779313126	0.05917455732	0.05917455732
289	0.05917317372	0.9779313126	0.9779313126	0.05917317372	0.05917317372
290	0.05917085301	0.9779313126	0.9779313126	0.05917085301	0.05917085301
291	0.05916451481	0.9779313126	0.9779313126	0.05916451481	0.05916451481
292	0.05916349669	0.9779354276	0.9779354276	0.05916349669	0.05916349669
293	0.05916248153	0.9779313126	0.9779313126	0.05916248153	0.05916248153
294	0.05916150249	0.9779313126	0.9779313126	0.05916150249	0.05916150249
295	0.0591610893	0.9779354276	0.9779354276	0.0591610893	0.0591610893
296	0.05915893577	0.9779354276	0.9779354276	0.05915893577	0.05915893577
297	0.05915507197	0.9779354276	0.9779354276	0.05915507197	0.05915507197
298	0.05915398207	0.9779313126	0.9779313126	0.05915398207	0.05915398207
299	0.05915373166	0.9779313126	0.9779313126	0.05915373166	0.05915373166
300	0.05915270128	0.9779354276	0.9779354276	0.05915270128	0.05915270128
301	0.05915228882	0.9779313126	0.9779313126	0.05915228882	0.05915228882
302	0.05914839074	0.9779354276	0.9779354276	0.05914839074	0.05914839074
303	0.05914442301	0.9779354276	0.9779354276	0.05914442301	0.05914442301
304	0.05914127854	0.9779354276	0.9779354276	0.05914127854	0.05914127854
305	0.05913944964	0.9779354276	0.9779354276	0.05913944964	0.05913944964
306	0.05913487254	0.9779354276	0.9779354276	0.05913487254	0.05913487254
307	0.05913449647	0.9779354276	0.9779354276	0.05913449647	0.05913449647
308	0.05913401181	0.9779354276	0.9779354276	0.05913401181	0.05913401181
309	0.05913281865	0.9779354276	0.9779354276	0.05913281865	0.05913281865
310	0.05913189099	0.9779354276	0.9779354276	0.05913189099	0.05913189099
311	0.05912834254	0.9779354276	0.9779354276	0.05912834254	0.05912834254
312	0.05912608947	0.9779354276	0.9779354276	0.05912608947	0.05912608947
313	0.05912561938	0.9779354276	0.9779354276	0.05912561938	0.05912561938
314	0.05912468397	0.9779354276	0.9779354276	0.05912468397	0.05912468397
315	0.05912430022	0.9779354276	0.9779354276	0.05912430022	0.05912430022
316	0.05912386564	0.9779354276	0.9779354276	0.05912386564	0.05912386564
317	0.05912128814	0.9779354276	0.9779354276	0.05912128814	0.05912128814
318	0.0591172215	0.9779354276	0.9779354276	0.0591172215	0.0591172215
319	0.05911639899	0.9779354276	0.9779354276	0.05911639899	0.05911639899
320	0.05911510099	0.9779354276	0.9779354276	0.05911510099	0.05911510099
321	0.05911403958	0.9779354276	0.9779354276	0.05911403958	0.05911403958
322	0.05911364686	0.9779354276	0.9779354276	0.05911364686	0.05911364686
323	0.059112917	0.9779354276	0.9779354276	0.059112917	0.059112917
324	0.05911267396	0.9779354276	0.9779354276	0.05911267396	0.05911267396
325	0.05911192717	0.9779354276	0.9779354276	0.05911192717	0.05911192717
326	0.05911162076	0.9779354276	0.9779354276	0.05911162076	0.05911162076
327	0.05911136487	0.9779354276	0.9779354276	0.05911136487	0.05911136487
328	0.05910979841	0.9779354276	0.9779354276	0.05910979841	0.05910979841
329	0.05910857035	0.9779354276	0.9779354276	0.05910857035	0.05910857035
330	0.05910813743	0.9779354276	0.9779354276	0.05910813743	0.05910813743
331	0.05910774235	0.9779354276	0.9779354276	0.05910774235	0.05910774235
332	0.05910690286	0.9779354276	0.9779354276	0.05910690286	0.05910690286
333	0.05910643157	0.9779354276	0.9779354276	0.05910643157	0.05910643157
334	0.05910447217	0.9779354276	0.9779354276	0.05910447217	0.05910447217
335	0.05910385399	0.9779354276	0.9779354276	0.05910385399	0.05910385399
336	0.05910343647	0.9779354276	0.9779354276	0.05910343647	0.05910343647
337	0.05910164683	0.9779354276	0.9779354276	0.05910164683	0.05910164683
338	0.05910131627	0.9779354276	0.9779354276	0.05910131627	0.05910131627
339	0.05910068272	0.9779354276	0.9779354276	0.05910068272	0.05910068272
340	0.05909739246	0.9779354276	0.9779354276	0.05909739246	0.05909739246
341	0.05909707848	0.9779354276	0.9779354276	0.05909707848	0.05909707848
342	0.05909610184	0.9779354276	0.9779354276	0.05909610184	0.05909610184
343	0.05909457446	0.9779395426	0.9779395426	0.05909457446	0.05909457446
344	0.05909409161	0.9779395426	0.9779395426	0.05909409161	0.05909409161
345	0.05909318229	0.9779395426	0.9779395426	0.05909318229	0.05909318229
346	0.05909190079	0.9779395426	0.9779395426	0.05909190079	0.05909190079
347	0.05909171809	0.9779395426	0.9779395426	0.05909171809	0.05909171809
348	0.05908851251	0.9779395426	0.9779395426	0.05908851251	0.05908851251
349	0.05908801952	0.9779395426	0.9779395426	0.05908801952	0.05908801952
350	0.05908590218	0.9779395426	0.9779395426	0.05908590218	0.05908590218
351	0.05908535831	0.9779395426	0.9779395426	0.05908535831	0.05908535831
352	0.05908237359	0.9779395426	0.9779395426	0.05908237359	0.05908237359
353	0.05908200822	0.9779354276	0.9779354276	0.05908200822	0.05908200822
354	0.05907976907	0.9779436576	0.9779436576	0.05907976907	0.05907976907
355	0.05907933766	0.9779395426	0.9779395426	0.05907933766	0.05907933766
356	0.05907680517	0.9779395426	0.9779395426	0.05907680517	0.05907680517
357	0.05907641063	0.9779395426	0.9779395426	0.05907641063	0.05907641063
358	0.05907608001	0.9779395426	0.9779395426	0.05907608001	0.05907608001
359	0.05907574299	0.9779395426	0.9779395426	0.05907574299	0.05907574299
360	0.05907544351	0.9779395426	0.9779395426	0.05907544351	0.05907544351
361	0.05907508128	0.9779395426	0.9779395426	0.05907508128	0.05907508128
362	0.05907246113	0.9779436576	0.9779436576	0.05907246113	0.05907246113
363	0.05907170201	0.9779436576	0.9779436576	0.05907170201	0.05907170201
364	0.05907005819	0.9779436576	0.9779436576	0.05907005819	0.05907005819
365	0.05906933895	0.9779395426	0.9779395426	0.05906933895	0.05906933895
366	0.05906885483	0.9779395426	0.9779395426	0.05906885483	0.05906885483
367	0.05906632589	0.9779395426	0.9779395426	0.05906632589	0.05906632589
368	0.05906541162	0.9779395426	0.9779395426	0.05906541162	0.05906541162
369	0.05906496084	0.9779395426	0.9779395426	0.05906496084	0.05906496084
370	0.05906309391	0.9779395426	0.9779395426	0.05906309391	0.05906309391
371	0.05906271328	0.9779395426	0.9779395426	0.05906271328	0.05906271328
372	0.05906236133	0.9779395426	0.9779395426	0.05906236133	0.05906236133
373	0.05906220526	0.9779395426	0.9779395426	0.05906220526	0.05906220526
374	0.05906193271	0.9779395426	0.9779395426	0.05906193271	0.05906193271
375	0.05906158508	0.9779395426	0.9779395426	0.05906158508	0.05906158508
376	0.05905997677	0.9779395426	0.9779395426	0.05905997677	0.05905997677
377	0.05905964949	0.9779395426	0.9779395426	0.05905964949	0.05905964949
378	0.05905883004	0.9779477726	0.9779477726	0.05905883004	0.05905883004
379	0.05905863986	0.9779477726	0.9779477726	0.05905863986	0.05905863986
380	0.05905838009	0.9779477726	0.9779477726	0.05905838009	0.05905838009
381	0.05905787937	0.9779477726	0.9779477726	0.05905787937	0.05905787937
382	0.05905686334	0.9779477726	0.9779477726	0.05905686334	0.05905686334
383	0.05905516983	0.9779477726	0.9779477726	0.05905516983	0.05905516983
384	0.05905451419	0.9779477726	0.9779477726	0.05905451419	0.05905451419
385	0.05905422692	0.9779477726	0.9779477726	0.05905422692	0.05905422692
386	0.05905379175	0.9779477726	0.9779477726	0.05905379175	0.05905379175
387	0.05905358108	0.9779477726	0.9779477726	0.05905358108	0.05905358108
388	0.05905328947	0.9779477726	0.9779477726	0.05905328947	0.05905328947
389	0.05905223537	0.9779477726	0.9779477726	0.05905223537	0.05905223537
390	0.05905188897	0.9779477726	0.9779477726	0.05905188897	0.05905188897
391	0.0590515361	0.9779477726	0.9779477726	0.0590515361	0.0590515361
392	0.0590512945	0.9779477726	0.9779477726	0.0590512945	0.0590512945
393	0.05905096782	0.9779477726	0.9779477726	0.05905096782	0.05905096782
394	0.0590507223	0.9779477726	0.9779477726	0.0590507223	0.0590507223
395	0.05905014485	0.9779477726	0.9779477726	0.05905014485	0.05905014485
396	0.05904998724	0.9779477726	0.9779477726	0.05904998724	0.05904998724
397	0.05904875106	0.9779477726	0.9779477726	0.05904875106	0.05904875106
398	0.05904797987	0.9779477726	0.9779477726	0.05904797987	0.05904797987
399	0.05904751407	0.9779477726	0.9779477726	0.05904751407	0.05904751407
400	0.05904627292	0.9779477726	0.9779477726	0.05904627292	0.05904627292
401	0.0590448672	0.9779477726	0.9779477726	0.0590448672	0.0590448672
402	0.05904406311	0.9779477726	0.9779477726	0.05904406311	0.05904406311
403	0.05904371151	0.9779477726	0.9779477726	0.05904371151	0.05904371151
404	0.05904263189	0.9779477726	0.9779477726	0.05904263189	0.05904263189
405	0.05904215841	0.9779477726	0.9779477726	0.05904215841	0.05904215841
406	0.05904126955	0.9779477726	0.9779477726	0.05904126955	0.05904126955
407	0.05904103055	0.9779477726	0.9779477726	0.05904103055	0.05904103055
408	0.05904045689	0.9779477726	0.9779477726	0.05904045689	0.05904045689
409	0.05903808186	0.9779477726	0.9779477726	0.05903808186	0.05903808186
410	0.05903769151	0.9779560025	0.9779560025	0.05903769151	0.05903769151
411	0.05903669895	0.9779560025	0.9779560025	0.05903669895	0.05903669895
412	0.05903643821	0.9779560025	0.9779560025	0.05903643821	0.05903643821
413	0.05903619591	0.9779560025	0.9779560025	0.05903619591	0.05903619591
414	0.05903567606	0.9779560025	0.9779560025	0.05903567606	0.05903567606
415	0.05903484962	0.9779560025	0.9779560025	0.05903484962	0.05903484962
416	0.059034709	0.9779560025	0.9779560025	0.059034709	0.059034709
417	0.05903447192	0.9779560025	0.9779560025	0.05903447192	0.05903447192
418	0.05903424424	0.9779560025	0.9779560025	0.05903424424	0.05903424424
419	0.05903408445	0.9779601175	0.9779601175	0.05903408445	0.05903408445
420	0.05903289317	0.9779601175	0.9779601175	0.05903289317	0.05903289317
421	0.0590322902	0.9779560025	0.9779560025	0.0590322902	0.0590322902
422	0.05903141753	0.9779560025	0.9779560025	0.05903141753	0.05903141753
423	0.05903124659	0.9779560025	0.9779560025	0.05903124659	0.05903124659
424	0.05903105535	0.9779560025	0.9779560025	0.05903105535	0.05903105535
425	0.05903082494	0.9779560025	0.9779560025	0.05903082494	0.05903082494
426	0.05902917187	0.9779560025	0.9779560025	0.05902917187	0.05902917187
427	0.05902880218	0.9779560025	0.9779560025	0.05902880218	0.05902880218
428	0.05902850873	0.9779560025	0.9779560025	0.05902850873	0.05902850873
429	0.05902823	0.9779560025	0.9779560025	0.05902823	0.05902823
430	0.0590280921	0.9779560025	0.9779560025	0.0590280921	0.0590280921
431	0.05902770564	0.9779560025	0.9779560025	0.05902770564	0.05902770564
432	0.05902739562	0.9779560025	0.9779560025	0.05902739562	0.05902739562
433	0.05902559789	0.9779560025	0.9779560025	0.05902559789	0.05902559789
434	0.05902288232	0.9779560025	0.9779560025	0.05902288232	0.05902288232
435	0.05902266768	0.9779560025	0.9779560025	0.05902266768	0.05902266768
436	0.05902223885	0.9779560025	0.9779560025	0.05902223885	0.05902223885
437	0.05902213865	0.9779560025	0.9779560025	0.05902213865	0.05902213865
438	0.05902199668	0.9779560025	0.9779560025	0.05902199668	0.05902199668
439	0.05902187053	0.9779560025	0.9779560025	0.05902187053	0.05902187053
440	0.05902160041	0.9779560025	0.9779560025	0.05902160041	0.05902160041
441	0.05902094877	0.9779560025	0.9779560025	0.05902094877	0.05902094877
442	0.05902062512	0.9779601175	0.9779601175	0.05902062512	0.05902062512
443	0.05902040894	0.9779601175	0.9779601175	0.05902040894	0.05902040894
444	0.05902016482	0.9779601175	0.9779601175	0.05902016482	0.05902016482
445	0.05901958388	0.9779601175	0.9779601175	0.05901958388	0.05901958388
446	0.0590194629	0.9779601175	0.9779601175	0.0590194629	0.0590194629
447	0.0590192689	0.9779601175	0.9779601175	0.0590192689	0.0590192689
448	0.0590189665	0.9779601175	0.9779601175	0.0590189665	0.0590189665
449	0.05901863341	0.9779601175	0.9779601175	0.05901863341	0.05901863341
450	0.05901833435	0.9779601175	0.9779601175	0.05901833435	0.05901833435
451	0.05901802361	0.9779601175	0.9779601175	0.05901802361	0.05901802361
452	0.05901749593	0.9779601175	0.9779601175	0.05901749593	0.05901749593
453	0.05901698783	0.9779601175	0.9779601175	0.05901698783	0.05901698783
454	0.05901571905	0.9779601175	0.9779601175	0.05901571905	0.05901571905
455	0.05901517112	0.9779601175	0.9779601175	0.05901517112	0.05901517112
456	0.0590145034	0.9779601175	0.9779601175	0.0590145034	0.0590145034
457	0.05901434101	0.9779601175	0.9779601175	0.05901434101	0.05901434101
458	0.05901413568	0.9779601175	0.9779601175	0.05901413568	0.05901413568
459	0.05901367449	0.9779601175	0.9779601175	0.05901367449	0.05901367449
460	0.05901325863	0.9779601175	0.9779601175	0.05901325863	0.05901325863
461	0.05901301146	0.9779601175	0.9779601175	0.05901301146	0.05901301146
462	0.05901280539	0.9779601175	0.9779601175	0.05901280539	0.05901280539
463	0.05901250458	0.9779601175	0.9779601175	0.05901250458	0.05901250458
464	0.05901176761	0.9779601175	0.9779601175	0.05901176761	0.05901176761
465	0.05900913261	0.9779601175	0.9779601175	0.05900913261	0.05900913261
466	0.05900832223	0.9779601175	0.9779601175	0.05900832223	0.05900832223
467	0.05900810885	0.9779601175	0.9779601175	0.05900810885	0.05900810885
468	0.05900714115	0.9779601175	0.9779601175	0.05900714115	0.05900714115
469	0.05900695186	0.9779601175	0.9779601175	0.05900695186	0.05900695186
470	0.05900654259	0.9779601175	0.9779601175	0.05900654259	0.05900654259
471	0.05900563753	0.9779601175	0.9779601175	0.05900563753	0.05900563753
472	0.05900532562	0.9779601175	0.9779601175	0.05900532562	0.05900532562
473	0.05900501643	0.9779601175	0.9779601175	0.05900501643	0.05900501643
474	0.05900469711	0.9779642325	0.9779642325	0.05900469711	0.05900469711
475	0.05900363531	0.9779642325	0.9779642325	0.05900363531	0.05900363531
476	0.0590034215	0.9779642325	0.9779642325	0.0590034215	0.0590034215
477	0.05900260752	0.9779642325	0.9779642325	0.05900260752	0.05900260752
478	0.05900177564	0.9779642325	0.9779642325	0.05900177564	0.05900177564
479	0.05900148159	0.9779642325	0.9779642325	0.05900148159	0.05900148159
480	0.05900111982	0.9779642325	0.9779642325	0.05900111982	0.05900111982
481	0.05900078414	0.9779642325	0.9779642325	0.05900078414	0.05900078414
482	0.05899950175	0.9779642325	0.9779642325	0.05899950175	0.05899950175
483	0.05899928741	0.9779642325	0.9779642325	0.05899928741	0.05899928741
484	0.05899913844	0.9779642325	0.9779642325	0.05899913844	0.05899913844
485	0.05899883732	0.9779642325	0.9779642325	0.05899883732	0.05899883732
486	0.05899872623	0.9779642325	0.9779642325	0.05899872623	0.05899872623
487	0.05899847801	0.9779642325	0.9779642325	0.05899847801	0.05899847801
488	0.05899836912	0.9779642325	0.9779642325	0.05899836912	0.05899836912
489	0.05899760234	0.9779642325	0.9779642325	0.05899760234	0.05899760234
490	0.05899735062	0.9779642325	0.9779642325	0.05899735062	0.05899735062
491	0.05899684475	0.9779642325	0.9779642325	0.05899684475	0.05899684475
492	0.05899633744	0.9779642325	0.9779642325	0.05899633744	0.05899633744
493	0.05899537297	0.9779642325	0.9779642325	0.05899537297	0.05899537297
494	0.05899498125	0.9779642325	0.9779642325	0.05899498125	0.05899498125
495	0.05899479591	0.9779642325	0.9779642325	0.05899479591	0.05899479591
496	0.0589946157	0.9779642325	0.9779642325	0.0589946157	0.0589946157
497	0.05899437175	0.9779642325	0.9779642325	0.05899437175	0.05899437175
498	0.05899424284	0.9779642325	0.9779642325	0.05899424284	0.05899424284
499	0.05899406023	0.9779642325	0.9779642325	0.05899406023	0.05899406023
500	0.05899351869	0.9779642325	0.9779642325	0.05899351869	0.05899351869
501	0.05899343447	0.9779642325	0.9779642325	0.05899343447	0.05899343447
502	0.05899269978	0.9779642325	0.9779642325	0.05899269978	0.05899269978
503	0.05899154656	0.9779642325	0.9779642325	0.05899154656	0.05899154656
504	0.05899108785	0.9779642325	0.9779642325	0.05899108785	0.05899108785
505	0.0589905945	0.9779683475	0.9779683475	0.0589905945	0.0589905945
506	0.05898973634	0.9779683475	0.9779683475	0.05898973634	0.05898973634
507	0.05898884423	0.9779683475	0.9779683475	0.05898884423	0.05898884423
508	0.05898839158	0.9779683475	0.9779683475	0.05898839158	0.05898839158
509	0.05898792496	0.9779683475	0.9779683475	0.05898792496	0.05898792496
510	0.0589869044	0.9779683475	0.9779683475	0.0589869044	0.0589869044
511	0.05898642809	0.9779683475	0.9779683475	0.05898642809	0.05898642809
512	0.05898611277	0.9779683475	0.9779683475	0.05898611277	0.05898611277
513	0.05898546085	0.9779683475	0.9779683475	0.05898546085	0.05898546085
514	0.05898502197	0.9779683475	0.9779683475	0.05898502197	0.05898502197
515	0.05898456607	0.9779683475	0.9779683475	0.05898456607	0.05898456607
516	0.05898437193	0.9779683475	0.9779683475	0.05898437193	0.05898437193
517	0.05898375532	0.9779683475	0.9779683475	0.05898375532	0.05898375532
518	0.05898356716	0.9779683475	0.9779683475	0.05898356716	0.05898356716
519	0.05898339415	0.9779683475	0.9779683475	0.05898339415	0.05898339415
520	0.05898208542	0.9779683475	0.9779683475	0.05898208542	0.05898208542
521	0.05898177338	0.9779683475	0.9779683475	0.05898177338	0.05898177338
522	0.05898046792	0.9779683475	0.9779683475	0.05898046792	0.05898046792
523	0.05898014125	0.9779683475	0.9779683475	0.05898014125	0.05898014125
524	0.05897981901	0.9779683475	0.9779683475	0.05897981901	0.05897981901
525	0.05897785654	0.9779683475	0.9779683475	0.05897785654	0.05897785654
526	0.05897760017	0.9779683475	0.9779683475	0.05897760017	0.05897760017
527	0.05897660772	0.9779683475	0.9779683475	0.05897660772	0.05897660772
528	0.05897643961	0.9779683475	0.9779683475	0.05897643961	0.05897643961
529	0.05897613473	0.9779683475	0.9779683475	0.05897613473	0.05897613473
530	0.05897572428	0.9779683475	0.9779683475	0.05897572428	0.05897572428
531	0.05897546551	0.9779683475	0.9779683475	0.05897546551	0.05897546551
532	0.05897524833	0.9779683475	0.9779683475	0.05897524833	0.05897524833
533	0.05897511935	0.9779683475	0.9779683475	0.05897511935	0.05897511935
534	0.05897491043	0.9779683475	0.9779683475	0.05897491043	0.05897491043
535	0.05897419549	0.9779683475	0.9779683475	0.05897419549	0.05897419549
536	0.05897359759	0.9779683475	0.9779683475	0.05897359759	0.05897359759
537	0.0589730721	0.9779683475	0.9779683475	0.0589730721	0.0589730721
538	0.05897282208	0.9779683475	0.9779683475	0.05897282208	0.05897282208
539	0.05897197488	0.9779683475	0.9779683475	0.05897197488	0.05897197488
540	0.05897186527	0.9779683475	0.9779683475	0.05897186527	0.05897186527
541	0.0589714677	0.9779683475	0.9779683475	0.0589714677	0.0589714677
542	0.05897125284	0.9779683475	0.9779683475	0.05897125284	0.05897125284
543	0.05897103583	0.9779683475	0.9779683475	0.05897103583	0.05897103583
544	0.05896921952	0.9779683475	0.9779683475	0.05896921952	0.05896921952
545	0.05896857478	0.9779683475	0.9779683475	0.05896857478	0.05896857478
546	0.05896806564	0.9779683475	0.9779683475	0.05896806564	0.05896806564
547	0.05896739602	0.9779683475	0.9779683475	0.05896739602	0.05896739602
548	0.05896723021	0.9779683475	0.9779683475	0.05896723021	0.05896723021
549	0.0589671841	0.9779683475	0.9779683475	0.0589671841	0.0589671841
550	0.05896676735	0.9779683475	0.9779683475	0.05896676735	0.05896676735
551	0.05896653986	0.9779683475	0.9779683475	0.05896653986	0.05896653986
552	0.05896640893	0.9779683475	0.9779683475	0.05896640893	0.05896640893
553	0.05896627511	0.9779683475	0.9779683475	0.05896627511	0.05896627511
554	0.05896580792	0.9779683475	0.9779683475	0.05896580792	0.05896580792
555	0.05896567794	0.9779683475	0.9779683475	0.05896567794	0.05896567794
556	0.05896555249	0.9779683475	0.9779683475	0.05896555249	0.05896555249
557	0.05896544264	0.9779683475	0.9779683475	0.05896544264	0.05896544264
558	0.05896473283	0.9779683475	0.9779683475	0.05896473283	0.05896473283
559	0.05896441691	0.9779683475	0.9779683475	0.05896441691	0.05896441691
560	0.05896412066	0.9779683475	0.9779683475	0.05896412066	0.05896412066
561	0.05896361118	0.9779683475	0.9779683475	0.05896361118	0.05896361118
562	0.05896345865	0.9779683475	0.9779683475	0.05896345865	0.05896345865
563	0.05896320875	0.9779683475	0.9779683475	0.05896320875	0.05896320875
564	0.0589628404	0.9779683475	0.9779683475	0.0589628404	0.0589628404
565	0.05896271682	0.9779683475	0.9779683475	0.05896271682	0.05896271682
566	0.05896254237	0.9779683475	0.9779683475	0.05896254237	0.05896254237
567	0.05896136021	0.9779683475	0.9779683475	0.05896136021	0.05896136021
568	0.05896112415	0.9779683475	0.9779683475	0.05896112415	0.05896112415
569	0.0589607454	0.9779683475	0.9779683475	0.0589607454	0.0589607454
570	0.05896056601	0.9779683475	0.9779683475	0.05896056601	0.05896056601
571	0.05896041082	0.9779683475	0.9779683475	0.05896041082	0.05896041082
572	0.05896001634	0.9779683475	0.9779683475	0.05896001634	0.05896001634
573	0.0589598324	0.9779683475	0.9779683475	0.0589598324	0.0589598324
574	0.05895958174	0.9779683475	0.9779683475	0.05895958174	0.05895958174
575	0.05895942987	0.9779683475	0.9779683475	0.05895942987	0.05895942987
576	0.05895814126	0.9779683475	0.9779683475	0.05895814126	0.05895814126
577	0.05895800537	0.9779683475	0.9779683475	0.05895800537	0.05895800537
578	0.05895663095	0.9779724625	0.9779724625	0.05895663095	0.05895663095
579	0.0589558384	0.9779683475	0.9779683475	0.0589558384	0.0589558384
580	0.05895438173	0.9779683475	0.9779683475	0.05895438173	0.05895438173
581	0.05895423957	0.9779683475	0.9779683475	0.05895423957	0.05895423957
582	0.05895379975	0.9779683475	0.9779683475	0.05895379975	0.05895379975
583	0.05895370226	0.9779683475	0.9779683475	0.05895370226	0.05895370226
584	0.05895353624	0.9779724625	0.9779724625	0.05895353624	0.05895353624
585	0.0589534218	0.9779724625	0.9779724625	0.0589534218	0.0589534218
586	0.05895331737	0.9779724625	0.9779724625	0.05895331737	0.05895331737
587	0.05895281251	0.9779724625	0.9779724625	0.05895281251	0.05895281251
588	0.05895232946	0.9779724625	0.9779724625	0.05895232946	0.05895232946
589	0.05895195264	0.9779724625	0.9779724625	0.05895195264	0.05895195264
590	0.05895176293	0.9779724625	0.9779724625	0.05895176293	0.05895176293
591	0.05895158263	0.9779724625	0.9779724625	0.05895158263	0.05895158263
592	0.05895138238	0.9779724625	0.9779724625	0.05895138238	0.05895138238
593	0.05895096031	0.9779724625	0.9779724625	0.05895096031	0.05895096031
594	0.05895051687	0.9779724625	0.9779724625	0.05895051687	0.05895051687
595	0.05895043035	0.9779724625	0.9779724625	0.05895043035	0.05895043035
596	0.05895002887	0.9779724625	0.9779724625	0.05895002887	0.05895002887
597	0.0589496501	0.9779724625	0.9779724625	0.0589496501	0.0589496501
598	0.05894954435	0.9779724625	0.9779724625	0.05894954435	0.05894954435
599	0.05894813869	0.9779724625	0.9779724625	0.05894813869	0.05894813869
600	0.05894782591	0.9779724625	0.9779724625	0.05894782591	0.05894782591
601	0.05894763232	0.9779724625	0.9779724625	0.05894763232	0.05894763232
602	0.05894724228	0.9779724625	0.9779724625	0.05894724228	0.05894724228
603	0.05894697188	0.9779724625	0.9779724625	0.05894697188	0.05894697188
604	0.05894640541	0.9779724625	0.9779724625	0.05894640541	0.05894640541
605	0.0589462719	0.9779724625	0.9779724625	0.0589462719	0.0589462719
606	0.05894618392	0.9779724625	0.9779724625	0.05894618392	0.05894618392
607	0.05894596312	0.9779724625	0.9779724625	0.05894596312	0.05894596312
608	0.058945845	0.9779724625	0.9779724625	0.058945845	0.058945845
609	0.05894564299	0.9779724625	0.9779724625	0.05894564299	0.05894564299
610	0.0589454531	0.9779724625	0.9779724625	0.0589454531	0.0589454531
611	0.05894481539	0.9779724625	0.9779724625	0.05894481539	0.05894481539
612	0.05894463848	0.9779724625	0.9779724625	0.05894463848	0.05894463848
613	0.05894452245	0.9779724625	0.9779724625	0.05894452245	0.05894452245
614	0.0589439909	0.9779724625	0.9779724625	0.0589439909	0.0589439909
615	0.05894391081	0.9779724625	0.9779724625	0.05894391081	0.05894391081
616	0.05894094958	0.9779724625	0.9779724625	0.05894094958	0.05894094958
617	0.05894082192	0.9779724625	0.9779724625	0.05894082192	0.05894082192
618	0.05894056813	0.9779724625	0.9779724625	0.05894056813	0.05894056813
619	0.05894021562	0.9779724625	0.9779724625	0.05894021562	0.05894021562
620	0.05894003492	0.9779724625	0.9779724625	0.05894003492	0.05894003492
621	0.05893989402	0.9779724625	0.9779724625	0.05893989402	0.05893989402
622	0.058939376	0.9779765775	0.9779765775	0.058939376	0.058939376
623	0.05893930009	0.9779765775	0.9779765775	0.05893930009	0.05893930009
624	0.05893816632	0.9779765775	0.9779765775	0.05893816632	0.05893816632
625	0.05893805317	0.9779765775	0.9779765775	0.05893805317	0.05893805317
626	0.05893756522	0.9779765775	0.9779765775	0.05893756522	0.05893756522
627	0.05893734145	0.9779765775	0.9779765775	0.05893734145	0.05893734145
628	0.05893724727	0.9779765775	0.9779765775	0.05893724727	0.05893724727
629	0.05893708508	0.9779765775	0.9779765775	0.05893708508	0.05893708508
630	0.05893693747	0.9779765775	0.9779765775	0.05893693747	0.05893693747
631	0.05893624263	0.9779765775	0.9779765775	0.05893624263	0.05893624263
632	0.0589351066	0.9779765775	0.9779765775	0.0589351066	0.0589351066
633	0.05893492249	0.9779765775	0.9779765775	0.05893492249	0.05893492249
634	0.05893460632	0.9779765775	0.9779765775	0.05893460632	0.05893460632
635	0.05893411604	0.9779848075	0.9779848075	0.05893411604	0.05893411604
636	0.05893404395	0.9779848075	0.9779848075	0.05893404395	0.05893404395
637	0.05893358991	0.9779848075	0.9779848075	0.05893358991	0.05893358991
638	0.05893330203	0.9779848075	0.9779848075	0.05893330203	0.05893330203
639	0.05893321294	0.9779848075	0.9779848075	0.05893321294	0.05893321294
640	0.05893252528	0.9779848075	0.9779848075	0.05893252528	0.05893252528
641	0.05893234242	0.9779848075	0.9779848075	0.05893234242	0.05893234242
642	0.05893208573	0.9779848075	0.9779848075	0.05893208573	0.05893208573
643	0.05893178855	0.9779848075	0.9779848075	0.05893178855	0.05893178855
644	0.0589314511	0.9779848075	0.9779848075	0.0589314511	0.0589314511
645	0.0589313901	0.9779848075	0.9779848075	0.0589313901	0.0589313901
646	0.05893065774	0.9779848075	0.9779848075	0.05893065774	0.05893065774
647	0.05893057958	0.9779848075	0.9779848075	0.05893057958	0.05893057958
648	0.05893051893	0.9779848075	0.9779848075	0.05893051893	0.05893051893
649	0.05892997869	0.9779848075	0.9779848075	0.05892997869	0.05892997869
650	0.05892982224	0.9779848075	0.9779848075	0.05892982224	0.05892982224
651	0.05892974704	0.9779848075	0.9779848075	0.05892974704	0.05892974704
652	0.05892966215	0.9779848075	0.9779848075	0.05892966215	0.05892966215
653	0.05892956272	0.9779848075	0.9779848075	0.05892956272	0.05892956272
654	0.05892874883	0.9779848075	0.9779848075	0.05892874883	0.05892874883
655	0.05892849049	0.9779848075	0.9779848075	0.05892849049	0.05892849049
656	0.05892837041	0.9779848075	0.9779848075	0.05892837041	0.05892837041
657	0.05892826562	0.9779848075	0.9779848075	0.05892826562	0.05892826562
658	0.05892813175	0.9779848075	0.9779848075	0.05892813175	0.05892813175
659	0.05892805786	0.9779848075	0.9779848075	0.05892805786	0.05892805786
660	0.05892790988	0.9779848075	0.9779848075	0.05892790988	0.05892790988
661	0.05892783088	0.9779848075	0.9779848075	0.05892783088	0.05892783088
662	0.05892766468	0.9779848075	0.9779848075	0.05892766468	0.05892766468
663	0.05892760581	0.9779848075	0.9779848075	0.05892760581	0.05892760581
664	0.05892758246	0.9779848075	0.9779848075	0.05892758246	0.05892758246
665	0.058927479	0.9779848075	0.9779848075	0.058927479	0.058927479
666	0.05892739391	0.9779848075	0.9779848075	0.05892739391	0.05892739391
667	0.05892731505	0.9779848075	0.9779848075	0.05892731505	0.05892731505
668	0.05892701791	0.9779848075	0.9779848075	0.05892701791	0.05892701791
669	0.0589267033	0.9779848075	0.9779848075	0.0589267033	0.0589267033
670	0.05892633023	0.9779848075	0.9779848075	0.05892633023	0.05892633023
671	0.05892603205	0.9779848075	0.9779848075	0.05892603205	0.05892603205
672	0.05892586105	0.9779848075	0.9779848075	0.05892586105	0.05892586105
673	0.05892578838	0.9779848075	0.9779848075	0.05892578838	0.05892578838
674	0.05892550933	0.9779848075	0.9779848075	0.05892550933	0.05892550933
675	0.05892537282	0.9779848075	0.9779848075	0.05892537282	0.05892537282
676	0.05892476371	0.9779848075	0.9779848075	0.05892476371	0.05892476371
677	0.05892471699	0.9779848075	0.9779848075	0.05892471699	0.05892471699
678	0.05892453403	0.9779848075	0.9779848075	0.05892453403	0.05892453403
679	0.05892436923	0.9779848075	0.9779848075	0.05892436923	0.05892436923
680	0.05892384229	0.9779848075	0.9779848075	0.05892384229	0.05892384229
681	0.05892376239	0.9779848075	0.9779848075	0.05892376239	0.05892376239
682	0.05892334101	0.9779848075	0.9779848075	0.05892334101	0.05892334101
683	0.05892326834	0.9779848075	0.9779848075	0.05892326834	0.05892326834
684	0.05892313576	0.9779848075	0.9779848075	0.05892313576	0.05892313576
685	0.05892247137	0.9779848075	0.9779848075	0.05892247137	0.05892247137
686	0.05892243257	0.9779848075	0.9779848075	0.05892243257	0.05892243257
687	0.05892225549	0.9779848075	0.9779848075	0.05892225549	0.05892225549
688	0.05892165545	0.9779848075	0.9779848075	0.05892165545	0.05892165545
689	0.05892086912	0.9779848075	0.9779848075	0.05892086912	0.05892086912
690	0.05892077952	0.9779848075	0.9779848075	0.05892077952	0.05892077952
691	0.0589206345	0.9779848075	0.9779848075	0.0589206345	0.0589206345
692	0.0589203761	0.9779848075	0.9779848075	0.0589203761	0.0589203761
693	0.05892028828	0.9779848075	0.9779848075	0.05892028828	0.05892028828
694	0.05892003842	0.9779848075	0.9779848075	0.05892003842	0.05892003842
695	0.05891938504	0.9779848075	0.9779848075	0.05891938504	0.05891938504
696	0.05891929598	0.9779848075	0.9779848075	0.05891929598	0.05891929598
697	0.0589191214	0.9779848075	0.9779848075	0.0589191214	0.0589191214
698	0.05891905167	0.9779848075	0.9779848075	0.05891905167	0.05891905167
699	0.05891900544	0.9779848075	0.9779848075	0.05891900544	0.05891900544
700	0.05891888586	0.9779848075	0.9779848075	0.05891888586	0.05891888586
701	0.0589187144	0.9779848075	0.9779848075	0.0589187144	0.0589187144
702	0.05891841881	0.9779848075	0.9779848075	0.05891841881	0.05891841881
703	0.05891825844	0.9779848075	0.9779848075	0.05891825844	0.05891825844
704	0.05891819731	0.9779848075	0.9779848075	0.05891819731	0.05891819731
705	0.05891788993	0.9779848075	0.9779848075	0.05891788993	0.05891788993
706	0.05891769048	0.9779848075	0.9779848075	0.05891769048	0.05891769048
707	0.05891758221	0.9779848075	0.9779848075	0.05891758221	0.05891758221
708	0.05891744551	0.9779848075	0.9779848075	0.05891744551	0.05891744551
709	0.05891724347	0.9779848075	0.9779848075	0.05891724347	0.05891724347
710	0.0589161627	0.9779848075	0.9779848075	0.0589161627	0.0589161627
711	0.05891604267	0.9779848075	0.9779848075	0.05891604267	0.05891604267
712	0.05891588141	0.9779848075	0.9779848075	0.05891588141	0.05891588141
713	0.05891585862	0.9779848075	0.9779848075	0.05891585862	0.05891585862
714	0.05891561509	0.9779848075	0.9779848075	0.05891561509	0.05891561509
715	0.05891485773	0.9779848075	0.9779848075	0.05891485773	0.05891485773
716	0.05891477272	0.9779848075	0.9779848075	0.05891477272	0.05891477272
717	0.05891447933	0.9779848075	0.9779848075	0.05891447933	0.05891447933
718	0.05891413753	0.9779848075	0.9779848075	0.05891413753	0.05891413753
719	0.05891391042	0.9779848075	0.9779848075	0.05891391042	0.05891391042
720	0.05891381909	0.9779848075	0.9779848075	0.05891381909	0.05891381909
721	0.05891375451	0.9779848075	0.9779848075	0.05891375451	0.05891375451
722	0.05891300566	0.9779848075	0.9779848075	0.05891300566	0.05891300566
723	0.05891292046	0.9779848075	0.9779848075	0.05891292046	0.05891292046
724	0.05891279263	0.9779848075	0.9779848075	0.05891279263	0.05891279263
725	0.0589127418	0.9779848075	0.9779848075	0.0589127418	0.0589127418
726	0.05891261048	0.9779848075	0.9779848075	0.05891261048	0.05891261048
727	0.05891212234	0.9779848075	0.9779848075	0.05891212234	0.05891212234
728	0.05891177476	0.9779848075	0.9779848075	0.05891177476	0.05891177476
729	0.05891173184	0.9779848075	0.9779848075	0.05891173184	0.05891173184
730	0.05891131701	0.9779848075	0.9779848075	0.05891131701	0.05891131701
731	0.05891124875	0.9779848075	0.9779848075	0.05891124875	0.05891124875
732	0.0589112014	0.9779848075	0.9779848075	0.0589112014	0.0589112014
733	0.05891109209	0.9779848075	0.9779848075	0.05891109209	0.05891109209
734	0.05891083904	0.9779848075	0.9779848075	0.05891083904	0.05891083904
735	0.05891070714	0.9779848075	0.9779848075	0.05891070714	0.05891070714
736	0.05890933415	0.9779848075	0.9779848075	0.05890933415	0.05890933415
737	0.05890920159	0.9779848075	0.9779848075	0.05890920159	0.05890920159
738	0.05890904644	0.9779848075	0.9779848075	0.05890904644	0.05890904644
739	0.05890870448	0.9779848075	0.9779848075	0.05890870448	0.05890870448
740	0.05890840598	0.9779848075	0.9779848075	0.05890840598	0.05890840598
741	0.05890806516	0.9779848075	0.9779848075	0.05890806516	0.05890806516
742	0.05890720963	0.9779848075	0.9779848075	0.05890720963	0.05890720963
743	0.0589071587	0.9779848075	0.9779848075	0.0589071587	0.0589071587
744	0.05890713059	0.9779848075	0.9779848075	0.05890713059	0.05890713059
745	0.05890688109	0.9779848075	0.9779848075	0.05890688109	0.05890688109
746	0.05890666336	0.9779848075	0.9779848075	0.05890666336	0.05890666336
747	0.0589064321	0.9779848075	0.9779848075	0.0589064321	0.0589064321
748	0.05890582078	0.9779848075	0.9779848075	0.05890582078	0.05890582078
749	0.05890570116	0.9779848075	0.9779848075	0.05890570116	0.05890570116
750	0.05890557481	0.9779848075	0.9779848075	0.05890557481	0.05890557481
751	0.05890512816	0.9779848075	0.9779848075	0.05890512816	0.05890512816
752	0.05890509411	0.9779848075	0.9779848075	0.05890509411	0.05890509411
753	0.05890491147	0.9779848075	0.9779848075	0.05890491147	0.05890491147
754	0.0589048165	0.9779848075	0.9779848075	0.0589048165	0.0589048165
755	0.0589046606	0.9779848075	0.9779848075	0.0589046606	0.0589046606
756	0.05890459902	0.9779848075	0.9779848075	0.05890459902	0.05890459902
757	0.05890445556	0.9779848075	0.9779848075	0.05890445556	0.05890445556
758	0.05890429594	0.9779848075	0.9779848075	0.05890429594	0.05890429594
759	0.05890425256	0.9779848075	0.9779848075	0.05890425256	0.05890425256
760	0.05890391088	0.9779848075	0.9779848075	0.05890391088	0.05890391088
761	0.05890367591	0.9779848075	0.9779848075	0.05890367591	0.05890367591
762	0.05890331795	0.9779848075	0.9779848075	0.05890331795	0.05890331795
763	0.05890297768	0.9779848075	0.9779848075	0.05890297768	0.05890297768
764	0.05890275985	0.9779848075	0.9779848075	0.05890275985	0.05890275985
765	0.05890262757	0.9779848075	0.9779848075	0.05890262757	0.05890262757
766	0.05890249326	0.9779848075	0.9779848075	0.05890249326	0.05890249326
767	0.05890243414	0.9779848075	0.9779848075	0.05890243414	0.05890243414
768	0.05890225708	0.9779848075	0.9779848075	0.05890225708	0.05890225708
769	0.05890109941	0.9779848075	0.9779848075	0.05890109941	0.05890109941
770	0.05890106347	0.9779848075	0.9779848075	0.05890106347	0.05890106347
771	0.05890103933	0.9779848075	0.9779848075	0.05890103933	0.05890103933
772	0.05890095876	0.9779848075	0.9779848075	0.05890095876	0.05890095876
773	0.05890080543	0.9779848075	0.9779848075	0.05890080543	0.05890080543
774	0.05890054385	0.9779848075	0.9779848075	0.05890054385	0.05890054385
775	0.05890043884	0.9779848075	0.9779848075	0.05890043884	0.05890043884
776	0.05890019916	0.9779848075	0.9779848075	0.05890019916	0.05890019916
777	0.05889993646	0.9779848075	0.9779848075	0.05889993646	0.05889993646
778	0.05889984117	0.9779848075	0.9779848075	0.05889984117	0.05889984117
779	0.05889978659	0.9779848075	0.9779848075	0.05889978659	0.05889978659
780	0.05889968064	0.9779848075	0.9779848075	0.05889968064	0.05889968064
781	0.05889950091	0.9779848075	0.9779848075	0.05889950091	0.05889950091
782	0.05889916748	0.9779848075	0.9779848075	0.05889916748	0.05889916748
783	0.05889905865	0.9779848075	0.9779848075	0.05889905865	0.05889905865
784	0.05889880632	0.9779848075	0.9779848075	0.05889880632	0.05889880632
785	0.05889867725	0.9779848075	0.9779848075	0.05889867725	0.05889867725
786	0.0588978304	0.9779848075	0.9779848075	0.0588978304	0.0588978304
787	0.05889717721	0.9779848075	0.9779848075	0.05889717721	0.05889717721
788	0.05889682473	0.9779848075	0.9779848075	0.05889682473	0.05889682473
789	0.05889678826	0.9779848075	0.9779848075	0.05889678826	0.05889678826
790	0.05889612146	0.9779848075	0.9779848075	0.05889612146	0.05889612146
791	0.05889601408	0.9779848075	0.9779848075	0.05889601408	0.05889601408
792	0.05889583627	0.9779848075	0.9779848075	0.05889583627	0.05889583627
793	0.05889575465	0.9779848075	0.9779848075	0.05889575465	0.05889575465
794	0.05889567645	0.9779848075	0.9779848075	0.05889567645	0.05889567645
795	0.05889553975	0.9779848075	0.9779848075	0.05889553975	0.05889553975
796	0.05889511197	0.9779848075	0.9779848075	0.05889511197	0.05889511197
797	0.0588947264	0.9779848075	0.9779848075	0.0588947264	0.0588947264
798	0.05889453883	0.9779848075	0.9779848075	0.05889453883	0.05889453883
799	0.05889403349	0.9779848075	0.9779848075	0.05889403349	0.05889403349
800	0.05889394248	0.9779848075	0.9779848075	0.05889394248	0.05889394248
801	0.05889360016	0.9779848075	0.9779848075	0.05889360016	0.05889360016
802	0.05889350119	0.9779848075	0.9779848075	0.05889350119	0.05889350119
803	0.05889330188	0.9779848075	0.9779848075	0.05889330188	0.05889330188
804	0.05889325095	0.9779848075	0.9779848075	0.05889325095	0.05889325095
805	0.05889320532	0.9779848075	0.9779848075	0.05889320532	0.05889320532
806	0.05889273382	0.9779848075	0.9779848075	0.05889273382	0.05889273382
807	0.05889264239	0.9779848075	0.9779848075	0.05889264239	0.05889264239
808	0.05889257483	0.9779848075	0.9779848075	0.05889257483	0.05889257483
809	0.05889202033	0.9779848075	0.9779848075	0.05889202033	0.05889202033
810	0.05889186788	0.9779848075	0.9779848075	0.05889186788	0.05889186788
811	0.05889179164	0.9779848075	0.9779848075	0.05889179164	0.05889179164
812	0.05889166884	0.9779848075	0.9779848075	0.05889166884	0.05889166884
813	0.05889140963	0.9779848075	0.9779848075	0.05889140963	0.05889140963
814	0.05889135346	0.9779848075	0.9779848075	0.05889135346	0.05889135346
815	0.05889131853	0.9779848075	0.9779848075	0.05889131853	0.05889131853
816	0.05889126357	0.9779848075	0.9779848075	0.05889126357	0.05889126357
817	0.05889118789	0.9779848075	0.9779848075	0.05889118789	0.05889118789
818	0.05889108673	0.9779848075	0.9779848075	0.05889108673	0.05889108673
819	0.05889095221	0.9779848075	0.9779848075	0.05889095221	0.05889095221
820	0.0588908709	0.9779848075	0.9779848075	0.0588908709	0.0588908709
821	0.05889085534	0.9779848075	0.9779848075	0.05889085534	0.05889085534
822	0.05889056272	0.9779848075	0.9779848075	0.05889056272	0.05889056272
823	0.05889046081	0.9779848075	0.9779848075	0.05889046081	0.05889046081
824	0.05889025076	0.9779848075	0.9779848075	0.05889025076	0.05889025076
825	0.05889017276	0.9779848075	0.9779848075	0.05889017276	0.05889017276
826	0.05888981639	0.9779848075	0.9779848075	0.05888981639	0.05888981639
827	0.05888972686	0.9779848075	0.9779848075	0.05888972686	0.05888972686
828	0.05888968915	0.9779848075	0.9779848075	0.05888968915	0.05888968915
829	0.05888956526	0.9779848075	0.9779848075	0.05888956526	0.05888956526
830	0.05888936584	0.9779848075	0.9779848075	0.05888936584	0.05888936584
831	0.05888920078	0.9779848075	0.9779848075	0.05888920078	0.05888920078
832	0.05888910374	0.9779848075	0.9779848075	0.05888910374	0.05888910374
833	0.05888894445	0.9779848075	0.9779848075	0.05888894445	0.05888894445
834	0.05888886242	0.9779848075	0.9779848075	0.05888886242	0.05888886242
835	0.05888863407	0.9779848075	0.9779848075	0.05888863407	0.05888863407
836	0.05888858048	0.9779848075	0.9779848075	0.05888858048	0.05888858048
837	0.05888841996	0.9779848075	0.9779848075	0.05888841996	0.05888841996
838	0.05888838349	0.9779848075	0.9779848075	0.05888838349	0.05888838349
839	0.058888271	0.9779848075	0.9779848075	0.058888271	0.058888271
840	0.05888787034	0.9779848075	0.9779848075	0.05888787034	0.05888787034
841	0.05888771417	0.9779848075	0.9779848075	0.05888771417	0.05888771417
842	0.05888755395	0.9779848075	0.9779848075	0.05888755395	0.05888755395
843	0.05888750252	0.9779848075	0.9779848075	0.05888750252	0.05888750252
844	0.05888745948	0.9779848075	0.9779848075	0.05888745948	0.05888745948
845	0.05888730978	0.9779848075	0.9779848075	0.05888730978	0.05888730978
846	0.05888702915	0.9779848075	0.9779848075	0.05888702915	0.05888702915
847	0.05888675925	0.9779848075	0.9779848075	0.05888675925	0.05888675925
848	0.05888627561	0.9779848075	0.9779848075	0.05888627561	0.05888627561
849	0.05888619098	0.9779848075	0.9779848075	0.05888619098	0.05888619098
850	0.05888612614	0.9779848075	0.9779848075	0.05888612614	0.05888612614
851	0.05888609361	0.9779848075	0.9779848075	0.05888609361	0.05888609361
852	0.05888600932	0.9779848075	0.9779848075	0.05888600932	0.05888600932
853	0.05888593436	0.9779848075	0.9779848075	0.05888593436	0.05888593436
854	0.05888587091	0.9779848075	0.9779848075	0.05888587091	0.05888587091
855	0.05888569612	0.9779848075	0.9779848075	0.05888569612	0.05888569612
856	0.05888559759	0.9779848075	0.9779848075	0.05888559759	0.05888559759
857	0.05888553113	0.9779848075	0.9779848075	0.05888553113	0.05888553113
858	0.05888545302	0.9779848075	0.9779848075	0.05888545302	0.05888545302
859	0.05888534563	0.9779848075	0.9779848075	0.05888534563	0.05888534563
860	0.05888526163	0.9779848075	0.9779848075	0.05888526163	0.05888526163
861	0.05888511686	0.9779848075	0.9779848075	0.05888511686	0.05888511686
862	0.05888496544	0.9779848075	0.9779848075	0.05888496544	0.05888496544
863	0.05888480302	0.9779848075	0.9779848075	0.05888480302	0.05888480302
864	0.05888474141	0.9779848075	0.9779848075	0.05888474141	0.05888474141
865	0.05888467348	0.9779848075	0.9779848075	0.05888467348	0.05888467348
866	0.05888463297	0.9779848075	0.9779848075	0.05888463297	0.05888463297
867	0.05888459129	0.9779848075	0.9779848075	0.05888459129	0.05888459129
868	0.05888444297	0.9779848075	0.9779848075	0.05888444297	0.05888444297
869	0.05888422164	0.9779848075	0.9779848075	0.05888422164	0.05888422164
870	0.05888414852	0.9779848075	0.9779848075	0.05888414852	0.05888414852
871	0.0588839636	0.9779848075	0.9779848075	0.0588839636	0.0588839636
872	0.05888392497	0.9779848075	0.9779848075	0.05888392497	0.05888392497
873	0.05888387738	0.9779848075	0.9779848075	0.05888387738	0.05888387738
874	0.05888377104	0.9779848075	0.9779848075	0.05888377104	0.05888377104
875	0.05888368008	0.9779848075	0.9779848075	0.05888368008	0.05888368008
876	0.05888360366	0.9779848075	0.9779848075	0.05888360366	0.05888360366
877	0.05888344399	0.9779848075	0.9779848075	0.05888344399	0.05888344399
878	0.05888336567	0.9779848075	0.9779848075	0.05888336567	0.05888336567
879	0.05888329851	0.9779848075	0.9779848075	0.05888329851	0.05888329851
880	0.05888295575	0.9779848075	0.9779848075	0.05888295575	0.05888295575
881	0.05888279007	0.9779848075	0.9779848075	0.05888279007	0.05888279007
882	0.05888272175	0.9779848075	0.9779848075	0.05888272175	0.05888272175
883	0.05888266771	0.9779848075	0.9779848075	0.05888266771	0.05888266771
884	0.05888254179	0.9779848075	0.9779848075	0.05888254179	0.05888254179
885	0.05888247021	0.9779848075	0.9779848075	0.05888247021	0.05888247021
886	0.0588824124	0.9779848075	0.9779848075	0.0588824124	0.0588824124
887	0.05888236481	0.9779848075	0.9779848075	0.05888236481	0.05888236481
888	0.05888226753	0.9779848075	0.9779848075	0.05888226753	0.05888226753
889	0.05888219899	0.9779848075	0.9779848075	0.05888219899	0.05888219899
890	0.05888213612	0.9779848075	0.9779848075	0.05888213612	0.05888213612
891	0.05888205133	0.9779848075	0.9779848075	0.05888205133	0.05888205133
892	0.05888202207	0.9779848075	0.9779848075	0.05888202207	0.05888202207
893	0.05888196424	0.9779848075	0.9779848075	0.05888196424	0.05888196424
894	0.05888166907	0.9779848075	0.9779848075	0.05888166907	0.05888166907
895	0.05888159386	0.9779848075	0.9779848075	0.05888159386	0.05888159386
896	0.05888155945	0.9779848075	0.9779848075	0.05888155945	0.05888155945
897	0.05888149232	0.9779848075	0.9779848075	0.05888149232	0.05888149232
898	0.05888137038	0.9779848075	0.9779848075	0.05888137038	0.05888137038
899	0.05888107532	0.9779848075	0.9779848075	0.05888107532	0.05888107532
900	0.05888102023	0.9779848075	0.9779848075	0.05888102023	0.05888102023
901	0.05888065136	0.9779848075	0.9779848075	0.05888065136	0.05888065136
902	0.05888056487	0.9779848075	0.9779848075	0.05888056487	0.05888056487
903	0.05888033481	0.9779848075	0.9779848075	0.05888033481	0.05888033481
904	0.05888009924	0.9779848075	0.9779848075	0.05888009924	0.05888009924
905	0.05887985059	0.9779848075	0.9779848075	0.05887985059	0.05887985059
906	0.05887979622	0.9779848075	0.9779848075	0.05887979622	0.05887979622
907	0.05887967026	0.9779848075	0.9779848075	0.05887967026	0.05887967026
908	0.05887943576	0.9779848075	0.9779848075	0.05887943576	0.05887943576
909	0.05887888578	0.9779848075	0.9779848075	0.05887888578	0.05887888578
910	0.05887878049	0.9779848075	0.9779848075	0.05887878049	0.05887878049
911	0.05887837159	0.9779848075	0.9779848075	0.05887837159	0.05887837159
912	0.05887833571	0.9779848075	0.9779848075	0.05887833571	0.05887833571
913	0.0588782055	0.9779848075	0.9779848075	0.0588782055	0.0588782055
914	0.05887802978	0.9779848075	0.9779848075	0.05887802978	0.05887802978
915	0.05887778845	0.9779848075	0.9779848075	0.05887778845	0.05887778845
916	0.05887765442	0.9779848075	0.9779848075	0.05887765442	0.05887765442
917	0.05887758263	0.9779848075	0.9779848075	0.05887758263	0.05887758263
918	0.05887707162	0.9779848075	0.9779848075	0.05887707162	0.05887707162
919	0.05887689929	0.9779848075	0.9779848075	0.05887689929	0.05887689929
920	0.05887648288	0.9779848075	0.9779848075	0.05887648288	0.05887648288
921	0.05887633814	0.9779848075	0.9779848075	0.05887633814	0.05887633814
922	0.05887629004	0.9779848075	0.9779848075	0.05887629004	0.05887629004
923	0.05887627208	0.9779848075	0.9779848075	0.05887627208	0.05887627208
924	0.0588762363	0.9779848075	0.9779848075	0.0588762363	0.0588762363
925	0.05887606225	0.9779848075	0.9779848075	0.05887606225	0.05887606225
926	0.05887596965	0.9779848075	0.9779848075	0.05887596965	0.05887596965
927	0.05887592026	0.9779848075	0.9779848075	0.05887592026	0.05887592026
928	0.05887585476	0.9779848075	0.9779848075	0.05887585476	0.05887585476
929	0.05887555049	0.9779848075	0.9779848075	0.05887555049	0.05887555049
930	0.05887553055	0.9779848075	0.9779848075	0.05887553055	0.05887553055
931	0.05887544153	0.9779848075	0.9779848075	0.05887544153	0.05887544153
932	0.0588754012	0.9779848075	0.9779848075	0.0588754012	0.0588754012
933	0.05887526852	0.9779848075	0.9779848075	0.05887526852	0.05887526852
934	0.05887508318	0.9779848075	0.9779848075	0.05887508318	0.05887508318
935	0.05887500661	0.9779848075	0.9779848075	0.05887500661	0.05887500661
936	0.05887481654	0.9779848075	0.9779848075	0.05887481654	0.05887481654
937	0.05887467496	0.9779848075	0.9779848075	0.05887467496	0.05887467496
938	0.05887455433	0.9779848075	0.9779848075	0.05887455433	0.05887455433
939	0.05887435353	0.9779848075	0.9779848075	0.05887435353	0.05887435353
940	0.05887409872	0.9779848075	0.9779848075	0.05887409872	0.05887409872
941	0.05887406816	0.9779848075	0.9779848075	0.05887406816	0.05887406816
942	0.05887401245	0.9779848075	0.9779848075	0.05887401245	0.05887401245
943	0.05887392597	0.9779848075	0.9779848075	0.05887392597	0.05887392597
944	0.05887389013	0.9779848075	0.9779848075	0.05887389013	0.05887389013
945	0.05887364312	0.9779848075	0.9779848075	0.05887364312	0.05887364312
946	0.05887360455	0.9779848075	0.9779848075	0.05887360455	0.05887360455
947	0.05887353981	0.9779848075	0.9779848075	0.05887353981	0.05887353981
948	0.05887340796	0.9779848075	0.9779848075	0.05887340796	0.05887340796
949	0.05887331782	0.9779848075	0.9779848075	0.05887331782	0.05887331782
950	0.05887324074	0.9779848075	0.9779848075	0.05887324074	0.05887324074
951	0.05887317294	0.9779848075	0.9779848075	0.05887317294	0.05887317294
952	0.0588706709	0.9779848075	0.9779848075	0.0588706709	0.0588706709
953	0.05887060745	0.9779848075	0.9779848075	0.05887060745	0.05887060745
954	0.05887050166	0.9779848075	0.9779848075	0.05887050166	0.05887050166
955	0.05887008803	0.9779848075	0.9779848075	0.05887008803	0.05887008803
956	0.05887005054	0.9779848075	0.9779848075	0.05887005054	0.05887005054
957	0.05886992089	0.9779848075	0.9779848075	0.05886992089	0.05886992089
958	0.05886947494	0.9779848075	0.9779848075	0.05886947494	0.05886947494
959	0.05886937521	0.9779848075	0.9779848075	0.05886937521	0.05886937521
960	0.05886936232	0.9779848075	0.9779848075	0.05886936232	0.05886936232
961	0.05886924941	0.9779848075	0.9779848075	0.05886924941	0.05886924941
962	0.05886915447	0.9779848075	0.9779848075	0.05886915447	0.05886915447
963	0.05886905713	0.9779848075	0.9779848075	0.05886905713	0.05886905713
964	0.05886903523	0.9779848075	0.9779848075	0.05886903523	0.05886903523
965	0.05886811291	0.9779848075	0.9779848075	0.05886811291	0.05886811291
966	0.05886806762	0.9779848075	0.9779848075	0.05886806762	0.05886806762
967	0.05886795096	0.9779848075	0.9779848075	0.05886795096	0.05886795096
968	0.05886792786	0.9779848075	0.9779848075	0.05886792786	0.05886792786
969	0.05886785306	0.9779848075	0.9779848075	0.05886785306	0.05886785306
970	0.05886774844	0.9779848075	0.9779848075	0.05886774844	0.05886774844
971	0.05886766553	0.9779848075	0.9779848075	0.05886766553	0.05886766553
972	0.05886755977	0.9779848075	0.9779848075	0.05886755977	0.05886755977
973	0.05886753043	0.9779848075	0.9779848075	0.05886753043	0.05886753043
974	0.05886743269	0.9779889224	0.9779889224	0.05886743269	0.05886743269
975	0.05886733026	0.9779889224	0.9779889224	0.05886733026	0.05886733026
976	0.05886724394	0.9779889224	0.9779889224	0.05886724394	0.05886724394
977	0.05886701724	0.9779889224	0.9779889224	0.05886701724	0.05886701724
978	0.05886667573	0.9779889224	0.9779889224	0.05886667573	0.05886667573
979	0.05886654919	0.9779889224	0.9779889224	0.05886654919	0.05886654919
980	0.05886453299	0.9779889224	0.9779889224	0.05886453299	0.05886453299
981	0.05886434765	0.9779889224	0.9779889224	0.05886434765	0.05886434765
982	0.05886423476	0.9779889224	0.9779889224	0.05886423476	0.05886423476
983	0.05886418537	0.9779889224	0.9779889224	0.05886418537	0.05886418537
984	0.05886409823	0.9779889224	0.9779889224	0.05886409823	0.05886409823
985	0.05886406011	0.9779889224	0.9779889224	0.05886406011	0.05886406011
986	0.05886402514	0.9779889224	0.9779889224	0.05886402514	0.05886402514
987	0.05886386841	0.9779889224	0.9779889224	0.05886386841	0.05886386841
988	0.05886383781	0.9779889224	0.9779889224	0.05886383781	0.05886383781
989	0.05886381893	0.9779889224	0.9779889224	0.05886381893	0.05886381893
990	0.05886376371	0.9779889224	0.9779889224	0.05886376371	0.05886376371
991	0.05886372875	0.9779889224	0.9779889224	0.05886372875	0.05886372875
992	0.05886326124	0.9779848075	0.9779848075	0.05886326124	0.05886326124
993	0.0588632307	0.9779848075	0.9779848075	0.0588632307	0.0588632307
994	0.05886319943	0.9779848075	0.9779848075	0.05886319943	0.05886319943
995	0.05886318705	0.9779848075	0.9779848075	0.05886318705	0.05886318705
996	0.05886316488	0.9779848075	0.9779848075	0.05886316488	0.05886316488
997	0.0588630721	0.9779848075	0.9779848075	0.0588630721	0.0588630721
998	0.05886300098	0.9779848075	0.9779848075	0.05886300098	0.05886300098
999	0.05886292753	0.9779848075	0.9779848075	0.05886292753	0.05886292753
